date,ticker,pe,source,source_url,snapshot_fetched_at
2015-09-30,QQQ,18.02,World PE Ratio · QQQ ETF 市盈率,https://worldperatio.com/index/nasdaq-100/,2026-09-16T08:45:01.029Z
2015-10-31,QQQ,20.04,World PE Ratio · QQQ ETF 市盈率,https://worldperatio.com/index/nasdaq-100/,2026-09-16T08:45:01.029Z
2015-11-30,QQQ,20.11,World PE Ratio · QQQ ETF 市盈率,https://worldperatio.com/index/nasdaq-100/,2026-09-16T08:45:01.029Z
2015-12-31,QQQ,20.94,World PE Ratio · QQQ ETF 市盈率,https://worldperatio.com/index/nasdaq-100/,2026-09-16T08:45:01.029Z
2016-01-31,QQQ,19.51,World PE Ratio · QQQ ETF 市盈率,https://worldperatio.com/index/nasdaq-100/,2026-09-16T08:45:01.029Z
2016-02-29,QQQ,19.15,World PE Ratio · QQQ ETF 市盈率,https://worldperatio.com/index/nasdaq-100/,2026-09-16T08:45:01.029Z
2016-03-31,QQQ,20.4,World PE Ratio · QQQ ETF 市盈率,https://worldperatio.com/index/nasdaq-100/,2026-09-16T08:45:01.029Z
2016-04-30,QQQ,19.76,World PE Ratio · QQQ ETF 市盈率,https://worldperatio.com/index/nasdaq-100/,2026-09-16T08:45:01.029Z
2016-05-31,QQQ,20.59,World PE Ratio · QQQ ETF 市盈率,https://worldperatio.com/index/nasdaq-100/,2026-09-16T08:45:01.029Z
2016-06-30,QQQ,19.51,World PE Ratio · QQQ ETF 市盈率,https://worldperatio.com/index/nasdaq-100/,2026-09-16T08:45:01.029Z
2016-07-31,QQQ,20.89,World PE Ratio · QQQ ETF 市盈率,https://worldperatio.com/index/nasdaq-100/,2026-09-16T08:45:01.029Z
2016-08-31,QQQ,21.07,World PE Ratio · QQQ ETF 市盈率,https://worldperatio.com/index/nasdaq-100/,2026-09-16T08:45:01.029Z
2016-09-30,QQQ,22.44,World PE Ratio · QQQ ETF 市盈率,https://worldperatio.com/index/nasdaq-100/,2026-09-16T08:45:01.029Z
2016-10-31,QQQ,22.1,World PE Ratio · QQQ ETF 市盈率,https://worldperatio.com/index/nasdaq-100/,2026-09-16T08:45:01.029Z
2016-11-30,QQQ,22.15,World PE Ratio · QQQ ETF 市盈率,https://worldperatio.com/index/nasdaq-100/,2026-09-16T08:45:01.029Z
2016-12-31,QQQ,22.39,World PE Ratio · QQQ ETF 市盈率,https://worldperatio.com/index/nasdaq-100/,2026-09-16T08:45:01.029Z
2017-01-31,QQQ,21.87,World PE Ratio · QQQ ETF 市盈率,https://worldperatio.com/index/nasdaq-100/,2026-09-16T08:45:01.029Z
2017-02-28,QQQ,22.78,World PE Ratio · QQQ ETF 市盈率,https://worldperatio.com/index/nasdaq-100/,2026-09-16T08:45:01.029Z
2017-03-31,QQQ,21.99,World PE Ratio · QQQ ETF 市盈率,https://worldperatio.com/index/nasdaq-100/,2026-09-16T08:45:01.029Z
2017-04-30,QQQ,22.59,World PE Ratio · QQQ ETF 市盈率,https://worldperatio.com/index/nasdaq-100/,2026-09-16T08:45:01.029Z
2017-05-31,QQQ,23.42,World PE Ratio · QQQ ETF 市盈率,https://worldperatio.com/index/nasdaq-100/,2026-09-16T08:45:01.029Z
2017-06-30,QQQ,22.24,World PE Ratio · QQQ ETF 市盈率,https://worldperatio.com/index/nasdaq-100/,2026-09-16T08:45:01.029Z
2017-07-31,QQQ,23.16,World PE Ratio · QQQ ETF 市盈率,https://worldperatio.com/index/nasdaq-100/,2026-09-16T08:45:01.029Z
2017-08-31,QQQ,23.58,World PE Ratio · QQQ ETF 市盈率,https://worldperatio.com/index/nasdaq-100/,2026-09-16T08:45:01.029Z
2017-09-30,QQQ,23.55,World PE Ratio · QQQ ETF 市盈率,https://worldperatio.com/index/nasdaq-100/,2026-09-16T08:45:01.029Z
2017-10-31,QQQ,22.26,World PE Ratio · QQQ ETF 市盈率,https://worldperatio.com/index/nasdaq-100/,2026-09-16T08:45:01.029Z
2017-11-30,QQQ,22.68,World PE Ratio · QQQ ETF 市盈率,https://worldperatio.com/index/nasdaq-100/,2026-09-16T08:45:01.029Z
2017-12-31,QQQ,22.79,World PE Ratio · QQQ ETF 市盈率,https://worldperatio.com/index/nasdaq-100/,2026-09-16T08:45:01.029Z
2018-01-31,QQQ,26.54,World PE Ratio · QQQ ETF 市盈率,https://worldperatio.com/index/nasdaq-100/,2026-09-16T08:45:01.029Z
2018-02-28,QQQ,26.17,World PE Ratio · QQQ ETF 市盈率,https://worldperatio.com/index/nasdaq-100/,2026-09-16T08:45:01.029Z
2018-03-31,QQQ,25.13,World PE Ratio · QQQ ETF 市盈率,https://worldperatio.com/index/nasdaq-100/,2026-09-16T08:45:01.029Z
2018-04-30,QQQ,23.75,World PE Ratio · QQQ ETF 市盈率,https://worldperatio.com/index/nasdaq-100/,2026-09-16T08:45:01.029Z
2018-05-31,QQQ,25.06,World PE Ratio · QQQ ETF 市盈率,https://worldperatio.com/index/nasdaq-100/,2026-09-16T08:45:01.029Z
2018-06-30,QQQ,25.32,World PE Ratio · QQQ ETF 市盈率,https://worldperatio.com/index/nasdaq-100/,2026-09-16T08:45:01.029Z
2018-07-31,QQQ,23.86,World PE Ratio · QQQ ETF 市盈率,https://worldperatio.com/index/nasdaq-100/,2026-09-16T08:45:01.029Z
2018-08-31,QQQ,25.25,World PE Ratio · QQQ ETF 市盈率,https://worldperatio.com/index/nasdaq-100/,2026-09-16T08:45:01.029Z
2018-09-30,QQQ,25.17,World PE Ratio · QQQ ETF 市盈率,https://worldperatio.com/index/nasdaq-100/,2026-09-16T08:45:01.029Z
2018-10-31,QQQ,21.66,World PE Ratio · QQQ ETF 市盈率,https://worldperatio.com/index/nasdaq-100/,2026-09-16T08:45:01.029Z
2018-11-30,QQQ,21.61,World PE Ratio · QQQ ETF 市盈率,https://worldperatio.com/index/nasdaq-100/,2026-09-16T08:45:01.029Z
2018-12-31,QQQ,17.5,World PE Ratio · QQQ ETF 市盈率,https://worldperatio.com/index/nasdaq-100/,2026-09-16T08:45:01.029Z
2019-01-31,QQQ,19.1,World PE Ratio · QQQ ETF 市盈率,https://worldperatio.com/index/nasdaq-100/,2026-09-16T08:45:01.029Z
2019-02-28,QQQ,19.62,World PE Ratio · QQQ ETF 市盈率,https://worldperatio.com/index/nasdaq-100/,2026-09-16T08:45:01.029Z
2019-03-31,QQQ,20.4,World PE Ratio · QQQ ETF 市盈率,https://worldperatio.com/index/nasdaq-100/,2026-09-16T08:45:01.029Z
2019-04-30,QQQ,21.46,World PE Ratio · QQQ ETF 市盈率,https://worldperatio.com/index/nasdaq-100/,2026-09-16T08:45:01.029Z
2019-05-31,QQQ,19.66,World PE Ratio · QQQ ETF 市盈率,https://worldperatio.com/index/nasdaq-100/,2026-09-16T08:45:01.029Z
2019-06-30,QQQ,21.16,World PE Ratio · QQQ ETF 市盈率,https://worldperatio.com/index/nasdaq-100/,2026-09-16T08:45:01.029Z
2019-07-31,QQQ,21.69,World PE Ratio · QQQ ETF 市盈率,https://worldperatio.com/index/nasdaq-100/,2026-09-16T08:45:01.029Z
2019-08-31,QQQ,21.25,World PE Ratio · QQQ ETF 市盈率,https://worldperatio.com/index/nasdaq-100/,2026-09-16T08:45:01.029Z
2019-09-30,QQQ,21.55,World PE Ratio · QQQ ETF 市盈率,https://worldperatio.com/index/nasdaq-100/,2026-09-16T08:45:01.029Z
2019-10-31,QQQ,22.48,World PE Ratio · QQQ ETF 市盈率,https://worldperatio.com/index/nasdaq-100/,2026-09-16T08:45:01.029Z
2019-11-30,QQQ,23.37,World PE Ratio · QQQ ETF 市盈率,https://worldperatio.com/index/nasdaq-100/,2026-09-16T08:45:01.029Z
2019-12-31,QQQ,22.89,World PE Ratio · QQQ ETF 市盈率,https://worldperatio.com/index/nasdaq-100/,2026-09-16T08:45:01.029Z
2020-01-31,QQQ,23.57,World PE Ratio · QQQ ETF 市盈率,https://worldperatio.com/index/nasdaq-100/,2026-09-16T08:45:01.029Z
2020-02-29,QQQ,22.18,World PE Ratio · QQQ ETF 市盈率,https://worldperatio.com/index/nasdaq-100/,2026-09-16T08:45:01.029Z
2020-03-31,QQQ,21.03,World PE Ratio · QQQ ETF 市盈率,https://worldperatio.com/index/nasdaq-100/,2026-09-16T08:45:01.029Z
2020-04-30,QQQ,24.22,World PE Ratio · QQQ ETF 市盈率,https://worldperatio.com/index/nasdaq-100/,2026-09-16T08:45:01.029Z
2020-05-31,QQQ,25.71,World PE Ratio · QQQ ETF 市盈率,https://worldperatio.com/index/nasdaq-100/,2026-09-16T08:45:01.029Z
2020-06-30,QQQ,27.85,World PE Ratio · QQQ ETF 市盈率,https://worldperatio.com/index/nasdaq-100/,2026-09-16T08:45:01.029Z
2020-07-31,QQQ,29.9,World PE Ratio · QQQ ETF 市盈率,https://worldperatio.com/index/nasdaq-100/,2026-09-16T08:45:01.029Z
2020-08-31,QQQ,33.2,World PE Ratio · QQQ ETF 市盈率,https://worldperatio.com/index/nasdaq-100/,2026-09-16T08:45:01.029Z
2020-09-30,QQQ,31.56,World PE Ratio · QQQ ETF 市盈率,https://worldperatio.com/index/nasdaq-100/,2026-09-16T08:45:01.029Z
2020-10-31,QQQ,30.55,World PE Ratio · QQQ ETF 市盈率,https://worldperatio.com/index/nasdaq-100/,2026-09-16T08:45:01.029Z
2020-11-30,QQQ,33.91,World PE Ratio · QQQ ETF 市盈率,https://worldperatio.com/index/nasdaq-100/,2026-09-16T08:45:01.029Z
2020-12-31,QQQ,32.9,World PE Ratio · QQQ ETF 市盈率,https://worldperatio.com/index/nasdaq-100/,2026-09-16T08:45:01.029Z
2021-01-31,QQQ,33.0,World PE Ratio · QQQ ETF 市盈率,https://worldperatio.com/index/nasdaq-100/,2026-09-16T08:45:01.029Z
2021-02-28,QQQ,32.96,World PE Ratio · QQQ ETF 市盈率,https://worldperatio.com/index/nasdaq-100/,2026-09-16T08:45:01.029Z
2021-03-31,QQQ,29.68,World PE Ratio · QQQ ETF 市盈率,https://worldperatio.com/index/nasdaq-100/,2026-09-16T08:45:01.029Z
2021-04-30,QQQ,31.42,World PE Ratio · QQQ ETF 市盈率,https://worldperatio.com/index/nasdaq-100/,2026-09-16T08:45:01.029Z
2021-05-31,QQQ,31.03,World PE Ratio · QQQ ETF 市盈率,https://worldperatio.com/index/nasdaq-100/,2026-09-16T08:45:01.029Z
2021-06-30,QQQ,28.09,World PE Ratio · QQQ ETF 市盈率,https://worldperatio.com/index/nasdaq-100/,2026-09-16T08:45:01.029Z
2021-07-31,QQQ,28.87,World PE Ratio · QQQ ETF 市盈率,https://worldperatio.com/index/nasdaq-100/,2026-09-16T08:45:01.029Z
2021-08-31,QQQ,30.07,World PE Ratio · QQQ ETF 市盈率,https://worldperatio.com/index/nasdaq-100/,2026-09-16T08:45:01.029Z
2021-09-30,QQQ,27.03,World PE Ratio · QQQ ETF 市盈率,https://worldperatio.com/index/nasdaq-100/,2026-09-16T08:45:01.029Z
2021-10-31,QQQ,29.16,World PE Ratio · QQQ ETF 市盈率,https://worldperatio.com/index/nasdaq-100/,2026-09-16T08:45:01.029Z
2021-11-30,QQQ,29.69,World PE Ratio · QQQ ETF 市盈率,https://worldperatio.com/index/nasdaq-100/,2026-09-16T08:45:01.029Z
2021-12-31,QQQ,28.76,World PE Ratio · QQQ ETF 市盈率,https://worldperatio.com/index/nasdaq-100/,2026-09-16T08:45:01.029Z
2022-01-31,QQQ,26.31,World PE Ratio · QQQ ETF 市盈率,https://worldperatio.com/index/nasdaq-100/,2026-09-16T08:45:01.029Z
2022-02-28,QQQ,25.09,World PE Ratio · QQQ ETF 市盈率,https://worldperatio.com/index/nasdaq-100/,2026-09-16T08:45:01.029Z
2022-03-31,QQQ,26.53,World PE Ratio · QQQ ETF 市盈率,https://worldperatio.com/index/nasdaq-100/,2026-09-16T08:45:01.029Z
2022-04-30,QQQ,22.98,World PE Ratio · QQQ ETF 市盈率,https://worldperatio.com/index/nasdaq-100/,2026-09-16T08:45:01.029Z
2022-05-31,QQQ,22.6,World PE Ratio · QQQ ETF 市盈率,https://worldperatio.com/index/nasdaq-100/,2026-09-16T08:45:01.029Z
2022-06-30,QQQ,22.09,World PE Ratio · QQQ ETF 市盈率,https://worldperatio.com/index/nasdaq-100/,2026-09-16T08:45:01.029Z
2022-07-31,QQQ,24.86,World PE Ratio · QQQ ETF 市盈率,https://worldperatio.com/index/nasdaq-100/,2026-09-16T08:45:01.029Z
2022-08-31,QQQ,23.56,World PE Ratio · QQQ ETF 市盈率,https://worldperatio.com/index/nasdaq-100/,2026-09-16T08:45:01.029Z
2022-09-30,QQQ,22.25,World PE Ratio · QQQ ETF 市盈率,https://worldperatio.com/index/nasdaq-100/,2026-09-16T08:45:01.029Z
2022-10-31,QQQ,23.14,World PE Ratio · QQQ ETF 市盈率,https://worldperatio.com/index/nasdaq-100/,2026-09-16T08:45:01.029Z
2022-11-30,QQQ,24.4,World PE Ratio · QQQ ETF 市盈率,https://worldperatio.com/index/nasdaq-100/,2026-09-16T08:45:01.029Z
2022-12-31,QQQ,22.19,World PE Ratio · QQQ ETF 市盈率,https://worldperatio.com/index/nasdaq-100/,2026-09-16T08:45:01.029Z
2023-01-31,QQQ,26.31,World PE Ratio · QQQ ETF 市盈率,https://worldperatio.com/index/nasdaq-100/,2026-09-16T08:45:01.029Z
2023-02-28,QQQ,26.18,World PE Ratio · QQQ ETF 市盈率,https://worldperatio.com/index/nasdaq-100/,2026-09-16T08:45:01.029Z
2023-03-31,QQQ,28.55,World PE Ratio · QQQ ETF 市盈率,https://worldperatio.com/index/nasdaq-100/,2026-09-16T08:45:01.029Z
2023-04-30,QQQ,28.69,World PE Ratio · QQQ ETF 市盈率,https://worldperatio.com/index/nasdaq-100/,2026-09-16T08:45:01.029Z
2023-05-31,QQQ,30.87,World PE Ratio · QQQ ETF 市盈率,https://worldperatio.com/index/nasdaq-100/,2026-09-16T08:45:01.029Z
2023-06-30,QQQ,30.26,World PE Ratio · QQQ ETF 市盈率,https://worldperatio.com/index/nasdaq-100/,2026-09-16T08:45:01.029Z
2023-07-31,QQQ,31.41,World PE Ratio · QQQ ETF 市盈率,https://worldperatio.com/index/nasdaq-100/,2026-09-16T08:45:01.029Z
2023-08-31,QQQ,30.9,World PE Ratio · QQQ ETF 市盈率,https://worldperatio.com/index/nasdaq-100/,2026-09-16T08:45:01.029Z
2023-09-30,QQQ,29.33,World PE Ratio · QQQ ETF 市盈率,https://worldperatio.com/index/nasdaq-100/,2026-09-16T08:45:01.029Z
2023-10-31,QQQ,27.44,World PE Ratio · QQQ ETF 市盈率,https://worldperatio.com/index/nasdaq-100/,2026-09-16T08:45:01.029Z
2023-11-30,QQQ,30.36,World PE Ratio · QQQ ETF 市盈率,https://worldperatio.com/index/nasdaq-100/,2026-09-16T08:45:01.029Z
2023-12-31,QQQ,32.04,World PE Ratio · QQQ ETF 市盈率,https://worldperatio.com/index/nasdaq-100/,2026-09-16T08:45:01.029Z
2024-01-31,QQQ,28.25,World PE Ratio · QQQ ETF 市盈率,https://worldperatio.com/index/nasdaq-100/,2026-09-16T08:45:01.029Z
2024-02-29,QQQ,29.74,World PE Ratio · QQQ ETF 市盈率,https://worldperatio.com/index/nasdaq-100/,2026-09-16T08:45:01.029Z
2024-03-31,QQQ,30.09,World PE Ratio · QQQ ETF 市盈率,https://worldperatio.com/index/nasdaq-100/,2026-09-16T08:45:01.029Z
2024-04-30,QQQ,29.85,World PE Ratio · QQQ ETF 市盈率,https://worldperatio.com/index/nasdaq-100/,2026-09-16T08:45:01.029Z
2024-05-31,QQQ,31.73,World PE Ratio · QQQ ETF 市盈率,https://worldperatio.com/index/nasdaq-100/,2026-09-16T08:45:01.029Z
2024-06-30,QQQ,33.69,World PE Ratio · QQQ ETF 市盈率,https://worldperatio.com/index/nasdaq-100/,2026-09-16T08:45:01.029Z
2024-07-31,QQQ,32.66,World PE Ratio · QQQ ETF 市盈率,https://worldperatio.com/index/nasdaq-100/,2026-09-16T08:45:01.029Z
2024-08-31,QQQ,33.02,World PE Ratio · QQQ ETF 市盈率,https://worldperatio.com/index/nasdaq-100/,2026-09-16T08:45:01.029Z
2024-09-30,QQQ,35.02,World PE Ratio · QQQ ETF 市盈率,https://worldperatio.com/index/nasdaq-100/,2026-09-16T08:45:01.029Z
2024-10-31,QQQ,34.72,World PE Ratio · QQQ ETF 市盈率,https://worldperatio.com/index/nasdaq-100/,2026-09-16T08:45:01.029Z
2024-11-30,QQQ,36.54,World PE Ratio · QQQ ETF 市盈率,https://worldperatio.com/index/nasdaq-100/,2026-09-16T08:45:01.029Z
2024-12-31,QQQ,34.94,World PE Ratio · QQQ ETF 市盈率,https://worldperatio.com/index/nasdaq-100/,2026-09-16T08:45:01.029Z
2025-01-31,QQQ,35.71,World PE Ratio · QQQ ETF 市盈率,https://worldperatio.com/index/nasdaq-100/,2026-09-16T08:45:01.029Z
2025-02-28,QQQ,34.72,World PE Ratio · QQQ ETF 市盈率,https://worldperatio.com/index/nasdaq-100/,2026-09-16T08:45:01.029Z
2025-03-31,QQQ,31.8505,World PE Ratio · QQQ ETF 市盈率,https://worldperatio.com/index/nasdaq-100/,2026-09-16T08:45:01.029Z
2025-04-30,QQQ,33.9501,World PE Ratio · QQQ ETF 市盈率,https://worldperatio.com/index/nasdaq-100/,2026-09-16T08:45:01.029Z
2025-05-31,QQQ,31.7447,World PE Ratio · QQQ ETF 市盈率,https://worldperatio.com/index/nasdaq-100/,2026-09-16T08:45:01.029Z
2025-06-30,QQQ,33.734,World PE Ratio · QQQ ETF 市盈率,https://worldperatio.com/index/nasdaq-100/,2026-09-16T08:45:01.029Z
2025-07-31,QQQ,34.5516,World PE Ratio · QQQ ETF 市盈率,https://worldperatio.com/index/nasdaq-100/,2026-09-16T08:45:01.029Z
2025-08-31,QQQ,32.8411,World PE Ratio · QQQ ETF 市盈率,https://worldperatio.com/index/nasdaq-100/,2026-09-16T08:45:01.029Z
2025-09-30,QQQ,32.6405,World PE Ratio · QQQ ETF 市盈率,https://worldperatio.com/index/nasdaq-100/,2026-09-16T08:45:01.029Z
2025-10-31,QQQ,35.3029,World PE Ratio · QQQ ETF 市盈率,https://worldperatio.com/index/nasdaq-100/,2026-09-16T08:45:01.029Z
2025-11-30,QQQ,34.8858,World PE Ratio · QQQ ETF 市盈率,https://worldperatio.com/index/nasdaq-100/,2026-09-16T08:45:01.029Z
2025-12-31,QQQ,33.6218,World PE Ratio · QQQ ETF 市盈率,https://worldperatio.com/index/nasdaq-100/,2026-09-16T08:45:01.029Z
2026-01-31,QQQ,33.2849,World PE Ratio · QQQ ETF 市盈率,https://worldperatio.com/index/nasdaq-100/,2026-09-16T08:45:01.029Z
2026-02-28,QQQ,33.3465,World PE Ratio · QQQ ETF 市盈率,https://worldperatio.com/index/nasdaq-100/,2026-09-16T08:45:01.029Z
2026-03-31,QQQ,32.4258,World PE Ratio · QQQ ETF 市盈率,https://worldperatio.com/index/nasdaq-100/,2026-09-16T08:45:01.029Z
2026-04-30,QQQ,31.9623,World PE Ratio · QQQ ETF 市盈率,https://worldperatio.com/index/nasdaq-100/,2026-09-16T08:45:01.029Z
2026-05-31,QQQ,33.8101,World PE Ratio · QQQ ETF 市盈率,https://worldperatio.com/index/nasdaq-100/,2026-09-16T08:45:01.029Z
2026-06-30,QQQ,33.8288,World PE Ratio · QQQ ETF 市盈率,https://worldperatio.com/index/nasdaq-100/,2026-09-16T08:45:01.029Z
2026-07-31,QQQ,31.6028,World PE Ratio · QQQ ETF 市盈率,https://worldperatio.com/index/nasdaq-100/,2026-09-16T08:45:01.029Z
2026-08-31,QQQ,29.155,World PE Ratio · QQQ ETF 市盈率,https://worldperatio.com/index/nasdaq-100/,2026-09-16T08:45:01.029Z
2026-09-15,QQQ,28.6241,World PE Ratio · QQQ ETF 市盈率,https://worldperatio.com/index/nasdaq-100/,2026-09-16T08:45:01.029Z
2015-09-30,SPY,15.1518,World PE Ratio · SPY ETF 市盈率,https://worldperatio.com/index/sp-500/,2026-09-16T08:45:01.029Z
2015-10-31,SPY,15.1518,World PE Ratio · SPY ETF 市盈率,https://worldperatio.com/index/sp-500/,2026-09-16T08:45:01.029Z
2015-11-30,SPY,16.3299,World PE Ratio · SPY ETF 市盈率,https://worldperatio.com/index/sp-500/,2026-09-16T08:45:01.029Z
2015-12-31,SPY,16.1332,World PE Ratio · SPY ETF 市盈率,https://worldperatio.com/index/sp-500/,2026-09-16T08:45:01.029Z
2016-01-31,SPY,15.0254,World PE Ratio · SPY ETF 市盈率,https://worldperatio.com/index/sp-500/,2026-09-16T08:45:01.029Z
2016-02-29,SPY,15.0254,World PE Ratio · SPY ETF 市盈率,https://worldperatio.com/index/sp-500/,2026-09-16T08:45:01.029Z
2016-03-31,SPY,16.0337,World PE Ratio · SPY ETF 市盈率,https://worldperatio.com/index/sp-500/,2026-09-16T08:45:01.029Z
2016-04-30,SPY,16.6236,World PE Ratio · SPY ETF 市盈率,https://worldperatio.com/index/sp-500/,2026-09-16T08:45:01.029Z
2016-05-31,SPY,16.6236,World PE Ratio · SPY ETF 市盈率,https://worldperatio.com/index/sp-500/,2026-09-16T08:45:01.029Z
2016-06-30,SPY,16.594,World PE Ratio · SPY ETF 市盈率,https://worldperatio.com/index/sp-500/,2026-09-16T08:45:01.029Z
2016-07-31,SPY,16.594,World PE Ratio · SPY ETF 市盈率,https://worldperatio.com/index/sp-500/,2026-09-16T08:45:01.029Z
2016-08-31,SPY,16.8672,World PE Ratio · SPY ETF 市盈率,https://worldperatio.com/index/sp-500/,2026-09-16T08:45:01.029Z
2016-09-30,SPY,16.4633,World PE Ratio · SPY ETF 市盈率,https://worldperatio.com/index/sp-500/,2026-09-16T08:45:01.029Z
2016-10-31,SPY,16.4633,World PE Ratio · SPY ETF 市盈率,https://worldperatio.com/index/sp-500/,2026-09-16T08:45:01.029Z
2016-11-30,SPY,16.407,World PE Ratio · SPY ETF 市盈率,https://worldperatio.com/index/sp-500/,2026-09-16T08:45:01.029Z
2016-12-31,SPY,17.0685,World PE Ratio · SPY ETF 市盈率,https://worldperatio.com/index/sp-500/,2026-09-16T08:45:01.029Z
2017-01-31,SPY,17.0685,World PE Ratio · SPY ETF 市盈率,https://worldperatio.com/index/sp-500/,2026-09-16T08:45:01.029Z
2017-02-28,SPY,17.3819,World PE Ratio · SPY ETF 市盈率,https://worldperatio.com/index/sp-500/,2026-09-16T08:45:01.029Z
2017-03-31,SPY,17.6267,World PE Ratio · SPY ETF 市盈率,https://worldperatio.com/index/sp-500/,2026-09-16T08:45:01.029Z
2017-04-30,SPY,17.6267,World PE Ratio · SPY ETF 市盈率,https://worldperatio.com/index/sp-500/,2026-09-16T08:45:01.029Z
2017-05-31,SPY,17.5068,World PE Ratio · SPY ETF 市盈率,https://worldperatio.com/index/sp-500/,2026-09-16T08:45:01.029Z
2017-06-30,SPY,17.5068,World PE Ratio · SPY ETF 市盈率,https://worldperatio.com/index/sp-500/,2026-09-16T08:45:01.029Z
2017-07-31,SPY,17.6499,World PE Ratio · SPY ETF 市盈率,https://worldperatio.com/index/sp-500/,2026-09-16T08:45:01.029Z
2017-08-31,SPY,17.6499,World PE Ratio · SPY ETF 市盈率,https://worldperatio.com/index/sp-500/,2026-09-16T08:45:01.029Z
2017-09-30,SPY,17.757,World PE Ratio · SPY ETF 市盈率,https://worldperatio.com/index/sp-500/,2026-09-16T08:45:01.029Z
2017-10-31,SPY,17.757,World PE Ratio · SPY ETF 市盈率,https://worldperatio.com/index/sp-500/,2026-09-16T08:45:01.029Z
2017-11-30,SPY,18.0992,World PE Ratio · SPY ETF 市盈率,https://worldperatio.com/index/sp-500/,2026-09-16T08:45:01.029Z
2017-12-31,SPY,18.0992,World PE Ratio · SPY ETF 市盈率,https://worldperatio.com/index/sp-500/,2026-09-16T08:45:01.029Z
2018-01-31,SPY,18.3087,World PE Ratio · SPY ETF 市盈率,https://worldperatio.com/index/sp-500/,2026-09-16T08:45:01.029Z
2018-02-28,SPY,16.9968,World PE Ratio · SPY ETF 市盈率,https://worldperatio.com/index/sp-500/,2026-09-16T08:45:01.029Z
2018-03-31,SPY,16.9968,World PE Ratio · SPY ETF 市盈率,https://worldperatio.com/index/sp-500/,2026-09-16T08:45:01.029Z
2018-04-30,SPY,16.4071,World PE Ratio · SPY ETF 市盈率,https://worldperatio.com/index/sp-500/,2026-09-16T08:45:01.029Z
2018-05-31,SPY,16.2693,World PE Ratio · SPY ETF 市盈率,https://worldperatio.com/index/sp-500/,2026-09-16T08:45:01.029Z
2018-06-30,SPY,16.2693,World PE Ratio · SPY ETF 市盈率,https://worldperatio.com/index/sp-500/,2026-09-16T08:45:01.029Z
2018-07-31,SPY,16.3636,World PE Ratio · SPY ETF 市盈率,https://worldperatio.com/index/sp-500/,2026-09-16T08:45:01.029Z
2018-08-31,SPY,16.3636,World PE Ratio · SPY ETF 市盈率,https://worldperatio.com/index/sp-500/,2026-09-16T08:45:01.029Z
2018-09-30,SPY,16.6307,World PE Ratio · SPY ETF 市盈率,https://worldperatio.com/index/sp-500/,2026-09-16T08:45:01.029Z
2018-10-31,SPY,15.9437,World PE Ratio · SPY ETF 市盈率,https://worldperatio.com/index/sp-500/,2026-09-16T08:45:01.029Z
2018-11-30,SPY,15.3883,World PE Ratio · SPY ETF 市盈率,https://worldperatio.com/index/sp-500/,2026-09-16T08:45:01.029Z
2018-12-31,SPY,14.5989,World PE Ratio · SPY ETF 市盈率,https://worldperatio.com/index/sp-500/,2026-09-16T08:45:01.029Z
2019-01-31,SPY,15.3532,World PE Ratio · SPY ETF 市盈率,https://worldperatio.com/index/sp-500/,2026-09-16T08:45:01.029Z
2019-02-28,SPY,16.0457,World PE Ratio · SPY ETF 市盈率,https://worldperatio.com/index/sp-500/,2026-09-16T08:45:01.029Z
2019-03-31,SPY,16.0457,World PE Ratio · SPY ETF 市盈率,https://worldperatio.com/index/sp-500/,2026-09-16T08:45:01.029Z
2019-04-30,SPY,16.5109,World PE Ratio · SPY ETF 市盈率,https://worldperatio.com/index/sp-500/,2026-09-16T08:45:01.029Z
2019-05-31,SPY,16.6055,World PE Ratio · SPY ETF 市盈率,https://worldperatio.com/index/sp-500/,2026-09-16T08:45:01.029Z
2019-06-30,SPY,16.1975,World PE Ratio · SPY ETF 市盈率,https://worldperatio.com/index/sp-500/,2026-09-16T08:45:01.029Z
2019-07-31,SPY,16.8376,World PE Ratio · SPY ETF 市盈率,https://worldperatio.com/index/sp-500/,2026-09-16T08:45:01.029Z
2019-08-31,SPY,16.377,World PE Ratio · SPY ETF 市盈率,https://worldperatio.com/index/sp-500/,2026-09-16T08:45:01.029Z
2019-09-30,SPY,16.377,World PE Ratio · SPY ETF 市盈率,https://worldperatio.com/index/sp-500/,2026-09-16T08:45:01.029Z
2019-10-31,SPY,16.7314,World PE Ratio · SPY ETF 市盈率,https://worldperatio.com/index/sp-500/,2026-09-16T08:45:01.029Z
2019-11-30,SPY,17.4404,World PE Ratio · SPY ETF 市盈率,https://worldperatio.com/index/sp-500/,2026-09-16T08:45:01.029Z
2019-12-31,SPY,17.8847,World PE Ratio · SPY ETF 市盈率,https://worldperatio.com/index/sp-500/,2026-09-16T08:45:01.029Z
2020-01-31,SPY,17.8847,World PE Ratio · SPY ETF 市盈率,https://worldperatio.com/index/sp-500/,2026-09-16T08:45:01.029Z
2020-02-29,SPY,18.8039,World PE Ratio · SPY ETF 市盈率,https://worldperatio.com/index/sp-500/,2026-09-16T08:45:01.029Z
2020-03-31,SPY,14.1205,World PE Ratio · SPY ETF 市盈率,https://worldperatio.com/index/sp-500/,2026-09-16T08:45:01.029Z
2020-04-30,SPY,19.7692,World PE Ratio · SPY ETF 市盈率,https://worldperatio.com/index/sp-500/,2026-09-16T08:45:01.029Z
2020-05-31,SPY,20.4651,World PE Ratio · SPY ETF 市盈率,https://worldperatio.com/index/sp-500/,2026-09-16T08:45:01.029Z
2020-06-30,SPY,21.8561,World PE Ratio · SPY ETF 市盈率,https://worldperatio.com/index/sp-500/,2026-09-16T08:45:01.029Z
2020-07-31,SPY,21.8561,World PE Ratio · SPY ETF 市盈率,https://worldperatio.com/index/sp-500/,2026-09-16T08:45:01.029Z
2020-08-31,SPY,22.0792,World PE Ratio · SPY ETF 市盈率,https://worldperatio.com/index/sp-500/,2026-09-16T08:45:01.029Z
2020-09-30,SPY,22.7512,World PE Ratio · SPY ETF 市盈率,https://worldperatio.com/index/sp-500/,2026-09-16T08:45:01.029Z
2020-10-31,SPY,20.6982,World PE Ratio · SPY ETF 市盈率,https://worldperatio.com/index/sp-500/,2026-09-16T08:45:01.029Z
2020-11-30,SPY,21.7883,World PE Ratio · SPY ETF 市盈率,https://worldperatio.com/index/sp-500/,2026-09-16T08:45:01.029Z
2020-12-31,SPY,21.7883,World PE Ratio · SPY ETF 市盈率,https://worldperatio.com/index/sp-500/,2026-09-16T08:45:01.029Z
2021-01-31,SPY,22.1369,World PE Ratio · SPY ETF 市盈率,https://worldperatio.com/index/sp-500/,2026-09-16T08:45:01.029Z
2021-02-28,SPY,22.1369,World PE Ratio · SPY ETF 市盈率,https://worldperatio.com/index/sp-500/,2026-09-16T08:45:01.029Z
2021-03-31,SPY,21.3898,World PE Ratio · SPY ETF 市盈率,https://worldperatio.com/index/sp-500/,2026-09-16T08:45:01.029Z
2021-04-30,SPY,21.9393,World PE Ratio · SPY ETF 市盈率,https://worldperatio.com/index/sp-500/,2026-09-16T08:45:01.029Z
2021-05-31,SPY,20.8608,World PE Ratio · SPY ETF 市盈率,https://worldperatio.com/index/sp-500/,2026-09-16T08:45:01.029Z
2021-06-30,SPY,20.8608,World PE Ratio · SPY ETF 市盈率,https://worldperatio.com/index/sp-500/,2026-09-16T08:45:01.029Z
2021-07-31,SPY,20.8608,World PE Ratio · SPY ETF 市盈率,https://worldperatio.com/index/sp-500/,2026-09-16T08:45:01.029Z
2021-08-31,SPY,21.1054,World PE Ratio · SPY ETF 市盈率,https://worldperatio.com/index/sp-500/,2026-09-16T08:45:01.029Z
2021-09-30,SPY,20.6323,World PE Ratio · SPY ETF 市盈率,https://worldperatio.com/index/sp-500/,2026-09-16T08:45:01.029Z
2021-10-31,SPY,20.6323,World PE Ratio · SPY ETF 市盈率,https://worldperatio.com/index/sp-500/,2026-09-16T08:45:01.029Z
2021-11-30,SPY,20.9592,World PE Ratio · SPY ETF 市盈率,https://worldperatio.com/index/sp-500/,2026-09-16T08:45:01.029Z
2021-12-31,SPY,20.3996,World PE Ratio · SPY ETF 市盈率,https://worldperatio.com/index/sp-500/,2026-09-16T08:45:01.029Z
2022-01-31,SPY,20.7176,World PE Ratio · SPY ETF 市盈率,https://worldperatio.com/index/sp-500/,2026-09-16T08:45:01.029Z
2022-02-28,SPY,19.7302,World PE Ratio · SPY ETF 市盈率,https://worldperatio.com/index/sp-500/,2026-09-16T08:45:01.029Z
2022-03-31,SPY,19.6126,World PE Ratio · SPY ETF 市盈率,https://worldperatio.com/index/sp-500/,2026-09-16T08:45:01.029Z
2022-04-30,SPY,18.7133,World PE Ratio · SPY ETF 市盈率,https://worldperatio.com/index/sp-500/,2026-09-16T08:45:01.029Z
2022-05-31,SPY,16.5053,World PE Ratio · SPY ETF 市盈率,https://worldperatio.com/index/sp-500/,2026-09-16T08:45:01.029Z
2022-06-30,SPY,16.5053,World PE Ratio · SPY ETF 市盈率,https://worldperatio.com/index/sp-500/,2026-09-16T08:45:01.029Z
2022-07-31,SPY,15.9853,World PE Ratio · SPY ETF 市盈率,https://worldperatio.com/index/sp-500/,2026-09-16T08:45:01.029Z
2022-08-31,SPY,17.943,World PE Ratio · SPY ETF 市盈率,https://worldperatio.com/index/sp-500/,2026-09-16T08:45:01.029Z
2022-09-30,SPY,17.943,World PE Ratio · SPY ETF 市盈率,https://worldperatio.com/index/sp-500/,2026-09-16T08:45:01.029Z
2022-10-31,SPY,15.386,World PE Ratio · SPY ETF 市盈率,https://worldperatio.com/index/sp-500/,2026-09-16T08:45:01.029Z
2022-11-30,SPY,15.386,World PE Ratio · SPY ETF 市盈率,https://worldperatio.com/index/sp-500/,2026-09-16T08:45:01.029Z
2022-12-31,SPY,16.5981,World PE Ratio · SPY ETF 市盈率,https://worldperatio.com/index/sp-500/,2026-09-16T08:45:01.029Z
2023-01-31,SPY,16.5981,World PE Ratio · SPY ETF 市盈率,https://worldperatio.com/index/sp-500/,2026-09-16T08:45:01.029Z
2023-02-28,SPY,18.1733,World PE Ratio · SPY ETF 市盈率,https://worldperatio.com/index/sp-500/,2026-09-16T08:45:01.029Z
2023-03-31,SPY,17.2412,World PE Ratio · SPY ETF 市盈率,https://worldperatio.com/index/sp-500/,2026-09-16T08:45:01.029Z
2023-04-30,SPY,20.9596,World PE Ratio · SPY ETF 市盈率,https://worldperatio.com/index/sp-500/,2026-09-16T08:45:01.029Z
2023-05-31,SPY,21.5044,World PE Ratio · SPY ETF 市盈率,https://worldperatio.com/index/sp-500/,2026-09-16T08:45:01.029Z
2023-06-30,SPY,22.1692,World PE Ratio · SPY ETF 市盈率,https://worldperatio.com/index/sp-500/,2026-09-16T08:45:01.029Z
2023-07-31,SPY,23.8316,World PE Ratio · SPY ETF 市盈率,https://worldperatio.com/index/sp-500/,2026-09-16T08:45:01.029Z
2023-08-31,SPY,23.5048,World PE Ratio · SPY ETF 市盈率,https://worldperatio.com/index/sp-500/,2026-09-16T08:45:01.029Z
2023-09-30,SPY,21.5254,World PE Ratio · SPY ETF 市盈率,https://worldperatio.com/index/sp-500/,2026-09-16T08:45:01.029Z
2023-10-31,SPY,20.588,World PE Ratio · SPY ETF 市盈率,https://worldperatio.com/index/sp-500/,2026-09-16T08:45:01.029Z
2023-11-30,SPY,20.8778,World PE Ratio · SPY ETF 市盈率,https://worldperatio.com/index/sp-500/,2026-09-16T08:45:01.029Z
2023-12-31,SPY,23.3834,World PE Ratio · SPY ETF 市盈率,https://worldperatio.com/index/sp-500/,2026-09-16T08:45:01.029Z
2024-01-31,SPY,23.9171,World PE Ratio · SPY ETF 市盈率,https://worldperatio.com/index/sp-500/,2026-09-16T08:45:01.029Z
2024-02-29,SPY,24.623,World PE Ratio · SPY ETF 市盈率,https://worldperatio.com/index/sp-500/,2026-09-16T08:45:01.029Z
2024-03-31,SPY,25.391,World PE Ratio · SPY ETF 市盈率,https://worldperatio.com/index/sp-500/,2026-09-16T08:45:01.029Z
2024-04-30,SPY,25.4348,World PE Ratio · SPY ETF 市盈率,https://worldperatio.com/index/sp-500/,2026-09-16T08:45:01.029Z
2024-05-31,SPY,25.1571,World PE Ratio · SPY ETF 市盈率,https://worldperatio.com/index/sp-500/,2026-09-16T08:45:01.029Z
2024-06-30,SPY,26.1914,World PE Ratio · SPY ETF 市盈率,https://worldperatio.com/index/sp-500/,2026-09-16T08:45:01.029Z
2024-07-31,SPY,26.0235,World PE Ratio · SPY ETF 市盈率,https://worldperatio.com/index/sp-500/,2026-09-16T08:45:01.029Z
2024-08-31,SPY,28.0857,World PE Ratio · SPY ETF 市盈率,https://worldperatio.com/index/sp-500/,2026-09-16T08:45:01.029Z
2024-09-30,SPY,27.3705,World PE Ratio · SPY ETF 市盈率,https://worldperatio.com/index/sp-500/,2026-09-16T08:45:01.029Z
2024-10-31,SPY,26.952,World PE Ratio · SPY ETF 市盈率,https://worldperatio.com/index/sp-500/,2026-09-16T08:45:01.029Z
2024-11-30,SPY,27.1364,World PE Ratio · SPY ETF 市盈率,https://worldperatio.com/index/sp-500/,2026-09-16T08:45:01.029Z
2024-12-31,SPY,27.1016,World PE Ratio · SPY ETF 市盈率,https://worldperatio.com/index/sp-500/,2026-09-16T08:45:01.029Z
2025-01-31,SPY,27.7077,World PE Ratio · SPY ETF 市盈率,https://worldperatio.com/index/sp-500/,2026-09-16T08:45:01.029Z
2025-02-28,SPY,26.7038,World PE Ratio · SPY ETF 市盈率,https://worldperatio.com/index/sp-500/,2026-09-16T08:45:01.029Z
2025-03-31,SPY,25.5743,World PE Ratio · SPY ETF 市盈率,https://worldperatio.com/index/sp-500/,2026-09-16T08:45:01.029Z
2025-04-30,SPY,27.3275,World PE Ratio · SPY ETF 市盈率,https://worldperatio.com/index/sp-500/,2026-09-16T08:45:01.029Z
2025-05-31,SPY,24.1462,World PE Ratio · SPY ETF 市盈率,https://worldperatio.com/index/sp-500/,2026-09-16T08:45:01.029Z
2025-06-30,SPY,25.3121,World PE Ratio · SPY ETF 市盈率,https://worldperatio.com/index/sp-500/,2026-09-16T08:45:01.029Z
2025-07-31,SPY,25.8951,World PE Ratio · SPY ETF 市盈率,https://worldperatio.com/index/sp-500/,2026-09-16T08:45:01.029Z
2025-08-31,SPY,27.1715,World PE Ratio · SPY ETF 市盈率,https://worldperatio.com/index/sp-500/,2026-09-16T08:45:01.029Z
2025-09-30,SPY,27.4471,World PE Ratio · SPY ETF 市盈率,https://worldperatio.com/index/sp-500/,2026-09-16T08:45:01.029Z
2025-10-31,SPY,28.6701,World PE Ratio · SPY ETF 市盈率,https://worldperatio.com/index/sp-500/,2026-09-16T08:45:01.029Z
2025-11-30,SPY,28.3553,World PE Ratio · SPY ETF 市盈率,https://worldperatio.com/index/sp-500/,2026-09-16T08:45:01.029Z
2025-12-31,SPY,27.6082,World PE Ratio · SPY ETF 市盈率,https://worldperatio.com/index/sp-500/,2026-09-16T08:45:01.029Z
2026-01-31,SPY,27.7085,World PE Ratio · SPY ETF 市盈率,https://worldperatio.com/index/sp-500/,2026-09-16T08:45:01.029Z
2026-02-28,SPY,28.0333,World PE Ratio · SPY ETF 市盈率,https://worldperatio.com/index/sp-500/,2026-09-16T08:45:01.029Z
2026-03-31,SPY,26.7387,World PE Ratio · SPY ETF 市盈率,https://worldperatio.com/index/sp-500/,2026-09-16T08:45:01.029Z
2026-04-30,SPY,27.4171,World PE Ratio · SPY ETF 市盈率,https://worldperatio.com/index/sp-500/,2026-09-16T08:45:01.029Z
2026-05-31,SPY,27.6323,World PE Ratio · SPY ETF 市盈率,https://worldperatio.com/index/sp-500/,2026-09-16T08:45:01.029Z
2026-06-30,SPY,26.8007,World PE Ratio · SPY ETF 市盈率,https://worldperatio.com/index/sp-500/,2026-09-16T08:45:01.029Z
2026-07-31,SPY,26.9288,World PE Ratio · SPY ETF 市盈率,https://worldperatio.com/index/sp-500/,2026-09-16T08:45:01.029Z
2026-08-31,SPY,24.948,World PE Ratio · SPY ETF 市盈率,https://worldperatio.com/index/sp-500/,2026-09-16T08:45:01.029Z
2026-09-15,SPY,24.3682,World PE Ratio · SPY ETF 市盈率,https://worldperatio.com/index/sp-500/,2026-09-16T08:45:01.029Z
